mode,n,block_size,visualize,stage,samples,mean_ms,median_ms,p95_ms,stddev_ms,min_ms,max_ms
naive,5000,32,0,frame_wall,5000,0.724360,0.676600,0.880700,0.236724,0.668000,5.871600
naive,5000,32,0,frame_wall,5000,0.709462,0.675100,0.880900,0.079736,0.662600,1.123100
naive,5000,32,0,frame_wall,5000,0.706812,0.674500,0.874000,0.078980,0.662400,1.054400
naive,5000,64,0,frame_wall,5000,0.703387,0.668200,0.869600,0.080255,0.662600,1.119000
naive,5000,64,0,frame_wall,5000,0.703915,0.668000,0.882200,0.079259,0.662600,1.104100
naive,5000,64,0,frame_wall,5000,0.703025,0.668300,0.870200,0.079997,0.663000,1.125000
naive,5000,128,0,frame_wall,5000,0.738658,0.690200,0.951000,0.092642,0.684000,1.393400
naive,5000,128,0,frame_wall,5000,0.742440,0.691900,0.989100,0.114286,0.686400,3.399700
naive,5000,128,0,frame_wall,5000,0.724553,0.690400,0.888000,0.078403,0.686400,1.267200
naive,5000,256,0,frame_wall,5000,0.731335,0.696900,0.893600,0.077656,0.693100,1.108600
naive,5000,256,0,frame_wall,5000,0.735697,0.698300,0.895000,0.077482,0.693500,1.206700
naive,5000,256,0,frame_wall,5000,0.733934,0.697750,0.908900,0.078831,0.693500,1.184000
naive,5000,512,0,frame_wall,5000,0.781743,0.733600,0.926100,0.222958,0.730500,6.665200
naive,5000,512,0,frame_wall,5000,0.773190,0.733700,0.926500,0.079206,0.730500,1.208300
naive,5000,512,0,frame_wall,5000,0.782716,0.736200,0.973400,0.117224,0.730200,4.872600
naive,5000,1024,0,frame_wall,5000,1.071604,1.023800,1.219900,0.083538,1.018600,1.721600
naive,5000,1024,0,frame_wall,5000,1.072254,1.026200,1.227900,0.085584,1.019400,1.459200
naive,5000,1024,0,frame_wall,5000,1.077820,1.026600,1.231200,0.086321,1.023400,1.483900
naive,100000,32,0,frame_wall,1000,53.959866,55.763100,57.437801,4.810617,42.278500,63.582001
naive,100000,32,0,frame_wall,1000,43.614124,43.276649,48.130501,1.601276,42.476299,52.295399
naive,100000,32,0,frame_wall,1000,43.670132,43.286301,48.083401,1.604460,42.480701,51.955200
naive,100000,64,0,frame_wall,1000,36.955292,35.837299,41.605099,2.957319,32.540501,42.665001
naive,100000,64,0,frame_wall,1000,35.283600,35.271248,36.314899,0.895218,32.692001,40.667400
naive,100000,64,0,frame_wall,1000,35.038292,35.045898,36.318802,1.006757,32.685799,40.422199
naive,100000,128,0,frame_wall,1000,32.800678,32.927452,33.478600,0.450680,31.434999,34.558701
naive,100000,128,0,frame_wall,1000,35.088467,34.612450,38.411301,2.967918,33.210201,115.176201
naive,100000,128,0,frame_wall,1000,32.801136,32.929951,33.404598,0.481262,31.422800,37.404099
naive,100000,256,0,frame_wall,1000,32.794281,32.710850,33.797600,0.562573,31.490299,36.908100
naive,100000,256,0,frame_wall,1000,31.375135,31.472401,32.143002,0.613103,30.197201,33.192600
naive,100000,256,0,frame_wall,1000,31.420580,31.505650,32.198799,0.627183,30.194099,34.130901
naive,100000,512,0,frame_wall,1000,35.702347,35.609001,37.093899,0.635523,34.564899,38.510502
naive,100000,512,0,frame_wall,1000,35.862980,35.682549,37.547100,0.761137,34.555000,38.715199
naive,100000,512,0,frame_wall,1000,34.198307,33.835098,35.461498,0.935017,33.179501,41.456299
naive,100000,1024,0,frame_wall,1000,45.295776,46.567299,47.790699,2.629922,40.924900,48.931000
naive,100000,1024,0,frame_wall,1000,41.657169,41.016102,43.924099,1.334842,40.834599,48.613201
naive,100000,1024,0,frame_wall,1000,44.255119,43.354500,49.172798,2.931915,40.926300,56.006699
scattered,5000,32,0,frame_wall,5000,0.245530,0.230200,0.402900,0.085184,0.148400,1.087200
scattered,5000,32,0,frame_wall,5000,0.254316,0.236050,0.458600,0.088897,0.150100,0.958500
scattered,5000,32,0,frame_wall,5000,0.256529,0.237500,0.468800,0.090784,0.155300,0.903100
scattered,5000,64,0,frame_wall,5000,0.285370,0.241100,0.571400,0.127129,0.150800,1.420000
scattered,5000,64,0,frame_wall,5000,0.251069,0.234000,0.462100,0.085206,0.139500,1.395400
scattered,5000,64,0,frame_wall,5000,0.251585,0.238000,0.404300,0.075806,0.149000,0.862800
scattered,5000,128,0,frame_wall,5000,0.261626,0.233900,0.529400,0.138713,0.149700,5.029000
scattered,5000,128,0,frame_wall,5000,0.243870,0.227300,0.347800,0.079848,0.145700,1.064800
scattered,5000,128,0,frame_wall,5000,0.251992,0.233000,0.452500,0.089179,0.150000,1.014000
scattered,5000,256,0,frame_wall,5000,0.261535,0.233800,0.473000,0.103321,0.153100,1.058500
scattered,5000,256,0,frame_wall,5000,0.255588,0.232400,0.473300,0.094742,0.156200,1.088200
scattered,5000,256,0,frame_wall,5000,0.250703,0.231100,0.466800,0.089943,0.152700,1.226500
scattered,5000,512,0,frame_wall,5000,0.252102,0.233000,0.475000,0.084681,0.154400,0.823000
scattered,5000,512,0,frame_wall,5000,0.253297,0.232500,0.454300,0.081608,0.152700,1.033200
scattered,5000,512,0,frame_wall,5000,0.247704,0.231700,0.368200,0.070740,0.148000,0.866400
scattered,5000,1024,0,frame_wall,5000,0.252897,0.239100,0.353900,0.076008,0.159400,0.892500
scattered,5000,1024,0,frame_wall,5000,0.259561,0.240450,0.416700,0.089142,0.158200,1.006500
scattered,5000,1024,0,frame_wall,5000,0.259690,0.237350,0.463000,0.093570,0.153700,1.341500
scattered,100000,32,0,frame_wall,1000,0.735771,0.669100,1.248900,0.194458,0.557200,1.391400
scattered,100000,32,0,frame_wall,1000,0.727917,0.666650,1.237600,0.186963,0.549900,1.385500
scattered,100000,32,0,frame_wall,1000,0.682102,0.654150,0.944100,0.101875,0.549800,1.167600
scattered,100000,64,0,frame_wall,1000,0.759491,0.697100,1.270900,0.194559,0.573200,1.503700
scattered,100000,64,0,frame_wall,1000,0.772990,0.710750,1.275600,0.189582,0.573500,1.494000
scattered,100000,64,0,frame_wall,1000,0.747243,0.684250,1.262200,0.190330,0.573500,1.524700
scattered,100000,128,0,frame_wall,1000,0.691571,0.671850,0.945100,0.115712,0.517100,1.082400
scattered,100000,128,0,frame_wall,1000,0.709050,0.646450,1.211900,0.183687,0.516900,1.425100
scattered,100000,128,0,frame_wall,1000,0.692483,0.628250,1.215400,0.193353,0.519000,1.413100
scattered,100000,256,0,frame_wall,1000,0.716411,0.667450,1.211900,0.165739,0.530800,1.511400
scattered,100000,256,0,frame_wall,1000,0.696114,0.665500,0.996200,0.140823,0.529700,1.236400
scattered,100000,256,0,frame_wall,1000,0.714435,0.667500,1.226600,0.191943,0.529600,1.408300
scattered,100000,512,0,frame_wall,1000,0.987854,0.922600,1.456600,0.308222,0.671200,4.155800
scattered,100000,512,0,frame_wall,1000,0.953498,0.908450,1.430600,0.178863,0.690600,1.690700
scattered,100000,512,0,frame_wall,1000,0.920190,0.902500,1.174500,0.116673,0.684700,1.389600
scattered,100000,1024,0,frame_wall,1000,0.940870,0.915450,1.352100,0.154858,0.735600,1.477900
scattered,100000,1024,0,frame_wall,1000,0.969489,0.920250,1.448400,0.194697,0.731600,1.569100
scattered,100000,1024,0,frame_wall,1000,0.969356,0.926900,1.448000,0.193574,0.727700,1.672400
coherent,5000,32,0,frame_wall,5000,0.243398,0.204300,0.502200,0.124418,0.141800,3.579600
coherent,5000,32,0,frame_wall,5000,0.241102,0.200050,0.439100,0.118696,0.145800,1.079000
coherent,5000,32,0,frame_wall,5000,0.233111,0.199100,0.431600,0.101374,0.151100,0.986800
coherent,5000,64,0,frame_wall,5000,0.226364,0.193300,0.452300,0.097582,0.147100,1.175100
coherent,5000,64,0,frame_wall,5000,0.223892,0.192050,0.442400,0.084216,0.144400,0.845200
coherent,5000,64,0,frame_wall,5000,0.208281,0.188500,0.352500,0.072031,0.143300,1.134300
coherent,5000,128,0,frame_wall,5000,0.207504,0.187500,0.303200,0.077007,0.144600,1.135700
coherent,5000,128,0,frame_wall,5000,0.214393,0.188700,0.396900,0.087921,0.145900,0.907400
coherent,5000,128,0,frame_wall,5000,0.221399,0.189800,0.420300,0.093905,0.141900,1.023100
coherent,5000,256,0,frame_wall,5000,0.215558,0.188200,0.407600,0.093727,0.144300,1.329500
coherent,5000,256,0,frame_wall,5000,0.213958,0.189600,0.411300,0.074724,0.147000,0.903300
coherent,5000,256,0,frame_wall,5000,0.208964,0.187600,0.311000,0.072955,0.142200,0.907200
coherent,5000,512,0,frame_wall,5000,0.212582,0.188500,0.322800,0.090605,0.143700,1.011300
coherent,5000,512,0,frame_wall,5000,0.218012,0.190300,0.408000,0.092582,0.145200,0.964700
coherent,5000,512,0,frame_wall,5000,0.221090,0.189300,0.456400,0.102765,0.141000,1.079900
coherent,5000,1024,0,frame_wall,5000,0.218872,0.197500,0.400900,0.073989,0.144100,0.835000
coherent,5000,1024,0,frame_wall,5000,0.210584,0.196700,0.301600,0.067006,0.136900,0.886600
coherent,5000,1024,0,frame_wall,5000,0.217026,0.196600,0.433800,0.085258,0.143300,0.914500
coherent,100000,32,0,frame_wall,1000,0.369262,0.324850,0.734300,0.139757,0.274500,1.032700
coherent,100000,32,0,frame_wall,1000,0.384143,0.345600,0.613200,0.215090,0.290200,3.771300
coherent,100000,32,0,frame_wall,1000,0.386964,0.342550,0.676800,0.135064,0.277300,1.285500
coherent,100000,64,0,frame_wall,1000,0.317955,0.277350,0.644400,0.130781,0.237400,0.993000
coherent,100000,64,0,frame_wall,1000,0.309920,0.280650,0.563300,0.097465,0.247100,0.989600
coherent,100000,64,0,frame_wall,1000,0.317072,0.271900,0.590000,0.125914,0.241500,0.989500
coherent,100000,128,0,frame_wall,1000,0.265880,0.235700,0.506100,0.086807,0.212300,0.976200
coherent,100000,128,0,frame_wall,1000,0.342225,0.253050,0.697900,0.170696,0.207200,1.044500
coherent,100000,128,0,frame_wall,1000,0.286853,0.251700,0.541500,0.098813,0.206200,0.815500
coherent,100000,256,0,frame_wall,1000,0.298884,0.252050,0.556200,0.114754,0.222100,0.967700
coherent,100000,256,0,frame_wall,1000,0.289506,0.252500,0.543400,0.109064,0.217000,0.947400
coherent,100000,256,0,frame_wall,1000,0.292609,0.252800,0.549400,0.114970,0.211600,0.963700
coherent,100000,512,0,frame_wall,1000,0.314082,0.280000,0.659400,0.119903,0.236700,0.977200
coherent,100000,512,0,frame_wall,1000,0.300646,0.271550,0.553100,0.087465,0.238200,0.864600
coherent,100000,512,0,frame_wall,1000,0.315374,0.279550,0.573100,0.105265,0.231500,0.990000
coherent,100000,1024,0,frame_wall,1000,0.297856,0.274000,0.564100,0.084246,0.240600,0.919300
coherent,100000,1024,0,frame_wall,1000,0.330117,0.288800,0.577100,0.116450,0.245300,1.066700
coherent,100000,1024,0,frame_wall,1000,0.324118,0.288350,0.577500,0.103079,0.243400,0.951900
