mode,n,block_size,cell_width_scale,visualize,stage,samples,mean_ms,median_ms,p95_ms,stddev_ms,min_ms,max_ms
scattered,5000,128,2.000000,0,total,5000,0.251675,0.231424,0.345088,0.082537,0.153600,0.937984
scattered,5000,128,2.000000,0,total,5000,0.268162,0.234496,0.531424,0.107065,0.147456,1.450944
scattered,5000,128,2.000000,0,total,5000,0.245442,0.223232,0.372736,0.081687,0.137216,1.093632
scattered,5000,128,2.000000,0,total,5000,0.345126,0.312320,0.555008,0.107333,0.202752,1.131584
scattered,5000,128,2.000000,0,scattered/compute_indices,5000,0.016289,0.010272,0.032768,0.019762,0.003072,0.449536
scattered,5000,128,2.000000,0,scattered/sort,5000,0.154113,0.135168,0.270336,0.075572,0.082016,0.826368
scattered,5000,128,2.000000,0,scattered/reset_cells,5000,0.016612,0.010240,0.036864,0.023014,0.003072,0.476160
scattered,5000,128,2.000000,0,scattered/identify_cells,5000,0.014241,0.010144,0.035712,0.018803,0.003072,0.437248
scattered,5000,128,2.000000,0,scattered/neighbor_search,5000,0.084742,0.089088,0.113536,0.024560,0.027648,0.531456
scattered,5000,128,2.000000,0,scattered/update_pos,5000,0.005620,0.004096,0.005120,0.016636,0.003072,0.449536
scattered,5000,128,2.000000,0,total,5000,0.334609,0.301984,0.553984,0.116059,0.202752,1.580960
scattered,5000,128,2.000000,0,scattered/compute_indices,5000,0.015236,0.010240,0.033792,0.017956,0.004096,0.441344
scattered,5000,128,2.000000,0,scattered/sort,5000,0.147532,0.121952,0.316416,0.081821,0.088256,0.978944
scattered,5000,128,2.000000,0,scattered/reset_cells,5000,0.015700,0.010176,0.036864,0.022371,0.003072,0.467968
scattered,5000,128,2.000000,0,scattered/identify_cells,5000,0.013555,0.009472,0.034816,0.019245,0.004000,0.448416
scattered,5000,128,2.000000,0,scattered/neighbor_search,5000,0.084022,0.089088,0.106496,0.024050,0.026624,0.770048
scattered,5000,128,2.000000,0,scattered/update_pos,5000,0.005636,0.004096,0.005120,0.018200,0.003072,0.470016
scattered,5000,128,2.000000,0,total,5000,0.344815,0.324608,0.561152,0.106584,0.203776,1.249184
scattered,5000,128,2.000000,0,scattered/compute_indices,5000,0.019931,0.011264,0.038912,0.020280,0.003072,0.524288
scattered,5000,128,2.000000,0,scattered/sort,5000,0.154374,0.128000,0.315392,0.081841,0.081152,0.854016
scattered,5000,128,2.000000,0,scattered/reset_cells,5000,0.015458,0.010240,0.037888,0.023102,0.003072,0.463872
scattered,5000,128,2.000000,0,scattered/identify_cells,5000,0.016615,0.010240,0.038912,0.020103,0.003072,0.440320
scattered,5000,128,2.000000,0,scattered/neighbor_search,5000,0.084817,0.089088,0.108544,0.025939,0.027648,0.615232
scattered,5000,128,2.000000,0,scattered/update_pos,5000,0.005734,0.004096,0.005120,0.018088,0.003072,0.555008
scattered,20000,128,2.000000,0,total,5000,0.298848,0.277504,0.425984,0.073256,0.192512,0.883712
scattered,20000,128,2.000000,0,total,5000,0.303881,0.276416,0.437024,0.171660,0.192512,5.839872
scattered,20000,128,2.000000,0,total,5000,0.304561,0.271360,0.539648,0.162706,0.188416,5.104608
scattered,20000,128,2.000000,0,total,5000,0.366375,0.344064,0.506880,0.074184,0.264192,1.010688
scattered,20000,128,2.000000,0,scattered/compute_indices,5000,0.013064,0.009216,0.031744,0.015981,0.004096,0.323360
scattered,20000,128,2.000000,0,scattered/sort,5000,0.136366,0.116736,0.204800,0.053840,0.089088,0.587776
scattered,20000,128,2.000000,0,scattered/reset_cells,5000,0.016266,0.010080,0.028672,0.020989,0.003072,0.451584
scattered,20000,128,2.000000,0,scattered/identify_cells,5000,0.012681,0.009216,0.027520,0.016732,0.004000,0.429056
scattered,20000,128,2.000000,0,scattered/neighbor_search,5000,0.134129,0.137104,0.152576,0.017756,0.081920,0.427008
scattered,20000,128,2.000000,0,scattered/update_pos,5000,0.004448,0.004096,0.005120,0.002884,0.004032,0.101600
scattered,20000,128,2.000000,0,total,5000,0.367355,0.345088,0.510976,0.077400,0.258048,0.992256
scattered,20000,128,2.000000,0,scattered/compute_indices,5000,0.015031,0.009952,0.032768,0.015392,0.004096,0.321536
scattered,20000,128,2.000000,0,scattered/sort,5000,0.138349,0.117760,0.208896,0.061800,0.090112,0.837632
scattered,20000,128,2.000000,0,scattered/reset_cells,5000,0.017017,0.010240,0.030720,0.021974,0.003072,0.528320
scattered,20000,128,2.000000,0,scattered/identify_cells,5000,0.012371,0.009216,0.026624,0.015107,0.004064,0.321536
scattered,20000,128,2.000000,0,scattered/neighbor_search,5000,0.133726,0.137216,0.150528,0.017585,0.081920,0.443232
scattered,20000,128,2.000000,0,scattered/update_pos,5000,0.004705,0.004096,0.005120,0.008400,0.004096,0.451584
scattered,20000,128,2.000000,0,total,5000,0.365417,0.344064,0.506880,0.070432,0.255872,0.931648
scattered,20000,128,2.000000,0,scattered/compute_indices,5000,0.015005,0.009280,0.032640,0.019085,0.004096,0.445440
scattered,20000,128,2.000000,0,scattered/sort,5000,0.135506,0.115712,0.200704,0.053674,0.077920,0.631712
scattered,20000,128,2.000000,0,scattered/reset_cells,5000,0.016748,0.010144,0.029696,0.020152,0.003072,0.456704
scattered,20000,128,2.000000,0,scattered/identify_cells,5000,0.012288,0.009216,0.025600,0.016393,0.004064,0.433152
scattered,20000,128,2.000000,0,scattered/neighbor_search,5000,0.134022,0.137216,0.150528,0.020396,0.082944,0.503808
scattered,20000,128,2.000000,0,scattered/update_pos,5000,0.004365,0.004096,0.005120,0.001915,0.004096,0.091136
scattered,100000,128,2.000000,0,total,1000,0.660923,0.635904,0.937920,0.124492,0.494592,1.257280
scattered,100000,128,2.000000,0,total,1000,0.667696,0.643008,0.914432,0.109315,0.515072,1.342464
scattered,100000,128,2.000000,0,total,1000,0.654568,0.630544,0.869376,0.096834,0.515072,1.158144
scattered,100000,128,2.000000,0,total,1000,0.719449,0.697344,0.952320,0.111034,0.578368,1.281920
scattered,100000,128,2.000000,0,scattered/compute_indices,1000,0.011788,0.009216,0.022528,0.022483,0.004096,0.323488
scattered,100000,128,2.000000,0,scattered/sort,1000,0.158535,0.125952,0.348160,0.087279,0.094208,0.732160
scattered,100000,128,2.000000,0,scattered/reset_cells,1000,0.016545,0.010240,0.025696,0.017973,0.003072,0.322368
scattered,100000,128,2.000000,0,scattered/identify_cells,1000,0.010807,0.009216,0.023552,0.007024,0.004096,0.104448
scattered,100000,128,2.000000,0,scattered/neighbor_search,1000,0.468529,0.466944,0.523264,0.046194,0.385856,0.891712
scattered,100000,128,2.000000,0,scattered/update_pos,1000,0.005038,0.005120,0.005120,0.000388,0.004096,0.006144
scattered,100000,128,2.000000,0,total,1000,0.728585,0.703488,0.976896,0.119426,0.552960,1.325920
scattered,100000,128,2.000000,0,scattered/compute_indices,1000,0.010778,0.009280,0.018432,0.004896,0.004096,0.050176
scattered,100000,128,2.000000,0,scattered/sort,1000,0.165040,0.125744,0.360448,0.107208,0.084992,0.778144
scattered,100000,128,2.000000,0,scattered/reset_cells,1000,0.017820,0.010240,0.027648,0.029881,0.003072,0.424672
scattered,100000,128,2.000000,0,scattered/identify_cells,1000,0.012556,0.009248,0.024576,0.015016,0.004096,0.417792
scattered,100000,128,2.000000,0,scattered/neighbor_search,1000,0.468388,0.467968,0.524288,0.042694,0.384000,0.619520
scattered,100000,128,2.000000,0,scattered/update_pos,1000,0.005071,0.005120,0.005120,0.000375,0.004096,0.006144
scattered,100000,128,2.000000,0,total,1000,0.725392,0.705024,0.970752,0.116686,0.573440,1.670144
scattered,100000,128,2.000000,0,scattered/compute_indices,1000,0.013510,0.009376,0.029696,0.026369,0.004096,0.362496
scattered,100000,128,2.000000,0,scattered/sort,1000,0.156396,0.128000,0.359424,0.080033,0.080128,0.660608
scattered,100000,128,2.000000,0,scattered/reset_cells,1000,0.017169,0.010176,0.029664,0.027782,0.003072,0.339968
scattered,100000,128,2.000000,0,scattered/identify_cells,1000,0.013242,0.009216,0.026624,0.023352,0.004096,0.377856
scattered,100000,128,2.000000,0,scattered/neighbor_search,1000,0.468859,0.467968,0.525184,0.045264,0.384000,0.804864
scattered,100000,128,2.000000,0,scattered/update_pos,1000,0.005010,0.005120,0.005120,0.000375,0.004096,0.006144
scattered,500000,128,2.000000,0,total,300,11.803551,11.897345,12.349440,0.389400,10.945536,12.742656
scattered,500000,128,2.000000,0,total,300,12.598792,12.459520,13.777920,0.598285,11.255808,14.535680
scattered,500000,128,2.000000,0,total,300,11.747157,11.864064,12.240896,0.365759,10.911744,12.698624
scattered,500000,128,2.000000,0,total,300,11.862904,11.933696,12.449792,0.402964,10.967040,12.999680
scattered,500000,128,2.000000,0,scattered/compute_indices,300,0.018142,0.015360,0.017408,0.028273,0.012288,0.379904
scattered,500000,128,2.000000,0,scattered/sort,300,0.805960,0.783488,1.044480,0.122961,0.526336,1.551360
scattered,500000,128,2.000000,0,scattered/reset_cells,300,0.023789,0.018432,0.064608,0.022265,0.005120,0.215168
scattered,500000,128,2.000000,0,scattered/identify_cells,300,0.019515,0.015296,0.040960,0.017723,0.007168,0.138240
scattered,500000,128,2.000000,0,scattered/neighbor_search,300,10.938972,11.031937,11.469824,0.359229,10.206944,11.766784
scattered,500000,128,2.000000,0,scattered/update_pos,300,0.020545,0.020480,0.021504,0.000509,0.019456,0.021504
scattered,500000,128,2.000000,0,total,300,11.993539,12.073984,12.607488,0.413340,11.034624,12.910592
scattered,500000,128,2.000000,0,scattered/compute_indices,300,0.016380,0.015360,0.018432,0.006504,0.011264,0.119808
scattered,500000,128,2.000000,0,scattered/sort,300,0.815519,0.788512,1.049600,0.120087,0.556096,1.432576
scattered,500000,128,2.000000,0,scattered/reset_cells,300,0.021857,0.018432,0.047104,0.020614,0.004096,0.206848
scattered,500000,128,2.000000,0,scattered/identify_cells,300,0.018374,0.014304,0.040960,0.018283,0.007168,0.149728
scattered,500000,128,2.000000,0,scattered/neighbor_search,300,11.063271,11.164672,11.581440,0.357272,10.332160,11.789312
scattered,500000,128,2.000000,0,scattered/update_pos,300,0.020668,0.020480,0.021504,0.000583,0.019456,0.025600
scattered,500000,128,2.000000,0,total,300,12.191466,12.284928,12.814336,0.462983,11.223040,14.480384
scattered,500000,128,2.000000,0,scattered/compute_indices,300,0.018671,0.015360,0.018432,0.020431,0.011264,0.198656
scattered,500000,128,2.000000,0,scattered/sort,300,0.840554,0.804864,1.100800,0.201577,0.556256,2.896896
scattered,500000,128,2.000000,0,scattered/reset_cells,300,0.022696,0.018496,0.052160,0.020666,0.004096,0.137216
scattered,500000,128,2.000000,0,scattered/identify_cells,300,0.018048,0.014336,0.040064,0.017357,0.007168,0.138400
scattered,500000,128,2.000000,0,scattered/neighbor_search,300,11.228745,11.324416,11.749216,0.376314,10.445728,12.225536
scattered,500000,128,2.000000,0,scattered/update_pos,300,0.021286,0.020480,0.021504,0.010168,0.019456,0.196608
scattered,1000000,128,2.000000,0,total,300,123.027290,122.933762,123.967491,0.458981,122.127357,124.456963
scattered,1000000,128,2.000000,0,total,300,123.097458,123.008514,123.930626,0.470007,122.260483,124.706818
scattered,1000000,128,2.000000,0,total,300,123.764809,123.161606,129.025024,2.168406,122.242050,140.382172
scattered,1000000,128,2.000000,0,total,300,127.241570,127.157249,128.083969,0.432072,126.427139,128.783356
scattered,1000000,128,2.000000,0,scattered/compute_indices,300,0.041639,0.038912,0.057344,0.016548,0.025600,0.212992
scattered,1000000,128,2.000000,0,scattered/sort,300,0.989747,0.976384,1.196032,0.113177,0.749664,1.515520
scattered,1000000,128,2.000000,0,scattered/reset_cells,300,0.019153,0.015360,0.046080,0.016018,0.004096,0.173056
scattered,1000000,128,2.000000,0,scattered/identify_cells,300,0.014934,0.013312,0.024576,0.009779,0.008992,0.122880
scattered,1000000,128,2.000000,0,scattered/neighbor_search,300,126.103973,126.029312,126.804993,0.379167,125.273087,127.520706
scattered,1000000,128,2.000000,0,scattered/update_pos,300,0.041728,0.040960,0.041984,0.016523,0.039936,0.326656
scattered,1000000,128,2.000000,0,total,300,124.231613,124.167679,125.150108,0.532660,123.298813,126.131203
scattered,1000000,128,2.000000,0,scattered/compute_indices,300,0.084207,0.027648,0.361472,0.123483,0.022528,0.737280
scattered,1000000,128,2.000000,0,scattered/sort,300,1.434663,1.387632,1.916928,0.247066,0.914432,2.178048
scattered,1000000,128,2.000000,0,scattered/reset_cells,300,0.027748,0.016384,0.076800,0.029759,0.004096,0.198656
scattered,1000000,128,2.000000,0,scattered/identify_cells,300,0.025451,0.015360,0.047104,0.021844,0.010240,0.149504
scattered,1000000,128,2.000000,0,scattered/neighbor_search,300,122.536369,122.460678,123.395073,0.406749,121.809921,123.879425
scattered,1000000,128,2.000000,0,scattered/update_pos,300,0.040953,0.040960,0.041984,0.000568,0.039936,0.041984
scattered,1000000,128,2.000000,0,total,300,123.798538,123.252228,128.962555,2.105112,122.184708,142.216125
scattered,1000000,128,2.000000,0,scattered/compute_indices,300,0.084867,0.027648,0.363520,0.117184,0.023552,0.483328
scattered,1000000,128,2.000000,0,scattered/sort,300,1.346179,1.294336,1.791104,0.231031,0.831488,2.075648
scattered,1000000,128,2.000000,0,scattered/reset_cells,300,0.025259,0.016320,0.070656,0.028787,0.004096,0.199680
scattered,1000000,128,2.000000,0,scattered/identify_cells,300,0.023264,0.014336,0.044000,0.024327,0.009216,0.237408
scattered,1000000,128,2.000000,0,scattered/neighbor_search,300,122.210197,121.619453,127.689728,2.154301,120.972290,140.804092
scattered,1000000,128,2.000000,0,scattered/update_pos,300,0.040970,0.040960,0.041984,0.000595,0.039936,0.043008
coherent,5000,128,2.000000,0,total,5000,0.223672,0.195328,0.373760,0.091079,0.130048,1.084416
coherent,5000,128,2.000000,0,total,5000,0.224755,0.207872,0.364320,0.082940,0.124928,1.017952
coherent,5000,128,2.000000,0,total,5000,0.227997,0.194560,0.445440,0.103532,0.128000,1.585152
coherent,5000,128,2.000000,0,total,5000,0.318869,0.271360,0.621504,0.130095,0.205824,1.429504
coherent,5000,128,2.000000,0,coherent/compute_indices,5000,0.017273,0.013312,0.040960,0.022027,0.004096,0.477184
coherent,5000,128,2.000000,0,coherent/sort,5000,0.155813,0.130048,0.283648,0.080573,0.085280,0.774144
coherent,5000,128,2.000000,0,coherent/reset_cells,5000,0.015244,0.008976,0.041984,0.021328,0.003072,0.480256
coherent,5000,128,2.000000,0,coherent/identify_cells,5000,0.012637,0.008192,0.041824,0.019110,0.003904,0.440320
coherent,5000,128,2.000000,0,coherent/reorder,5000,0.013846,0.009216,0.042080,0.022033,0.004096,0.455680
coherent,5000,128,2.000000,0,coherent/neighbor_search,5000,0.048478,0.044032,0.080896,0.024659,0.017408,0.482304
coherent,5000,128,2.000000,0,coherent/update_pos,5000,0.006392,0.004096,0.012448,0.017435,0.003072,0.441344
coherent,5000,128,2.000000,0,total,5000,0.303603,0.264192,0.544768,0.111882,0.204800,1.512448
coherent,5000,128,2.000000,0,coherent/compute_indices,5000,0.016633,0.010240,0.033792,0.017339,0.003072,0.437248
coherent,5000,128,2.000000,0,coherent/sort,5000,0.146531,0.123008,0.270592,0.076605,0.082944,1.082368
coherent,5000,128,2.000000,0,coherent/reset_cells,5000,0.014082,0.008192,0.032768,0.021141,0.003072,0.451584
coherent,5000,128,2.000000,0,coherent/identify_cells,5000,0.010883,0.008192,0.030720,0.015168,0.003872,0.457728
coherent,5000,128,2.000000,0,coherent/reorder,5000,0.013013,0.009152,0.040736,0.017809,0.004096,0.432128
coherent,5000,128,2.000000,0,coherent/neighbor_search,5000,0.047414,0.043008,0.076800,0.028837,0.017408,0.488448
coherent,5000,128,2.000000,0,coherent/update_pos,5000,0.006177,0.004096,0.007168,0.014542,0.003072,0.381952
coherent,5000,128,2.000000,0,total,5000,0.293807,0.261120,0.474112,0.097512,0.203552,1.114112
coherent,5000,128,2.000000,0,coherent/compute_indices,5000,0.017164,0.010240,0.033792,0.020493,0.004096,0.480256
coherent,5000,128,2.000000,0,coherent/sort,5000,0.141322,0.122016,0.249856,0.067723,0.075776,0.756480
coherent,5000,128,2.000000,0,coherent/reset_cells,5000,0.013156,0.008192,0.031744,0.018506,0.003072,0.523264
coherent,5000,128,2.000000,0,coherent/identify_cells,5000,0.010430,0.008192,0.028672,0.014861,0.003904,0.431104
coherent,5000,128,2.000000,0,coherent/reorder,5000,0.013370,0.009088,0.041696,0.020442,0.004096,0.482304
coherent,5000,128,2.000000,0,coherent/neighbor_search,5000,0.045459,0.043008,0.069632,0.022628,0.017408,0.447488
coherent,5000,128,2.000000,0,coherent/update_pos,5000,0.006428,0.004096,0.008192,0.019374,0.003072,0.515072
coherent,20000,128,2.000000,0,total,5000,0.232123,0.206848,0.369664,0.084198,0.150528,1.111840
coherent,20000,128,2.000000,0,total,5000,0.231621,0.207856,0.378624,0.074901,0.152576,0.869376
coherent,20000,128,2.000000,0,total,5000,0.238172,0.210816,0.377856,0.084115,0.149504,0.985088
coherent,20000,128,2.000000,0,total,5000,0.334956,0.304128,0.540416,0.106610,0.231424,1.385472
coherent,20000,128,2.000000,0,coherent/compute_indices,5000,0.014478,0.010048,0.031744,0.019586,0.004096,0.413696
coherent,20000,128,2.000000,0,coherent/sort,5000,0.147339,0.126832,0.286720,0.071991,0.091264,0.922624
coherent,20000,128,2.000000,0,coherent/reset_cells,5000,0.015417,0.010144,0.033824,0.019111,0.003072,0.364320
coherent,20000,128,2.000000,0,coherent/identify_cells,5000,0.012835,0.009216,0.028672,0.017089,0.004064,0.406528
coherent,20000,128,2.000000,0,coherent/reorder,5000,0.015274,0.009216,0.038912,0.023328,0.004096,0.446464
coherent,20000,128,2.000000,0,coherent/neighbor_search,5000,0.065967,0.061440,0.092160,0.021079,0.035840,0.463872
coherent,20000,128,2.000000,0,coherent/update_pos,5000,0.004938,0.004096,0.005120,0.008674,0.004032,0.402432
coherent,20000,128,2.000000,0,total,5000,0.323332,0.295936,0.520192,0.092778,0.219136,1.145856
coherent,20000,128,2.000000,0,coherent/compute_indices,5000,0.014345,0.009248,0.031744,0.016734,0.004096,0.446464
coherent,20000,128,2.000000,0,coherent/sort,5000,0.142714,0.121856,0.263104,0.069195,0.088032,0.836608
coherent,20000,128,2.000000,0,coherent/reset_cells,5000,0.013921,0.009280,0.029696,0.016412,0.003072,0.339872
coherent,20000,128,2.000000,0,coherent/identify_cells,5000,0.012055,0.009216,0.026592,0.016078,0.003936,0.325632
coherent,20000,128,2.000000,0,coherent/reorder,5000,0.014401,0.009216,0.038688,0.017779,0.004096,0.415648
coherent,20000,128,2.000000,0,coherent/neighbor_search,5000,0.065844,0.061440,0.092160,0.021399,0.036864,0.480192
coherent,20000,128,2.000000,0,coherent/update_pos,5000,0.004874,0.004096,0.005120,0.007010,0.004032,0.206848
coherent,20000,128,2.000000,0,total,5000,0.331472,0.302080,0.529408,0.105675,0.220160,1.208320
coherent,20000,128,2.000000,0,coherent/compute_indices,5000,0.012664,0.009216,0.029696,0.015381,0.004064,0.409408
coherent,20000,128,2.000000,0,coherent/sort,5000,0.148186,0.132112,0.300000,0.069463,0.082944,0.914432
coherent,20000,128,2.000000,0,coherent/reset_cells,5000,0.014880,0.009376,0.030848,0.021084,0.003072,0.442368
coherent,20000,128,2.000000,0,coherent/identify_cells,5000,0.012471,0.009216,0.026816,0.018715,0.004000,0.483328
coherent,20000,128,2.000000,0,coherent/reorder,5000,0.013289,0.009216,0.038144,0.017824,0.004096,0.331776
coherent,20000,128,2.000000,0,coherent/neighbor_search,5000,0.065707,0.061440,0.092032,0.021717,0.036864,0.431104
coherent,20000,128,2.000000,0,coherent/update_pos,5000,0.004862,0.004096,0.005120,0.007101,0.004064,0.216064
coherent,100000,128,2.000000,0,total,1000,0.284929,0.258048,0.477184,0.102175,0.200704,1.003456
coherent,100000,128,2.000000,0,total,1000,0.280058,0.257792,0.438272,0.091769,0.200704,0.929792
coherent,100000,128,2.000000,0,total,1000,0.287928,0.253952,0.485376,0.093654,0.206848,0.892928
coherent,100000,128,2.000000,0,total,1000,0.369348,0.335872,0.607232,0.094287,0.278528,0.902144
coherent,100000,128,2.000000,0,coherent/compute_indices,1000,0.012385,0.009216,0.028672,0.018916,0.004096,0.323680
coherent,100000,128,2.000000,0,coherent/sort,1000,0.148397,0.126816,0.322560,0.070875,0.078848,0.545792
coherent,100000,128,2.000000,0,coherent/reset_cells,1000,0.016002,0.010016,0.027648,0.028714,0.003072,0.473856
coherent,100000,128,2.000000,0,coherent/identify_cells,1000,0.011598,0.009216,0.023552,0.019474,0.004096,0.447488
coherent,100000,128,2.000000,0,coherent/reorder,1000,0.015302,0.011264,0.032768,0.021954,0.008032,0.371712
coherent,100000,128,2.000000,0,coherent/neighbor_search,1000,0.103593,0.099328,0.124928,0.022371,0.087040,0.490496
coherent,100000,128,2.000000,0,coherent/update_pos,1000,0.005336,0.005120,0.005120,0.003475,0.004096,0.078848
coherent,100000,128,2.000000,0,total,1000,0.397041,0.339968,0.815104,0.147318,0.268288,1.210368
coherent,100000,128,2.000000,0,coherent/compute_indices,1000,0.014338,0.009280,0.029696,0.022682,0.004096,0.466944
coherent,100000,128,2.000000,0,coherent/sort,1000,0.163783,0.131072,0.395264,0.100491,0.084992,0.783360
coherent,100000,128,2.000000,0,coherent/reset_cells,1000,0.017829,0.010464,0.035904,0.024594,0.003072,0.437248
coherent,100000,128,2.000000,0,coherent/identify_cells,1000,0.014195,0.009216,0.034592,0.022612,0.004096,0.433056
coherent,100000,128,2.000000,0,coherent/reorder,1000,0.017414,0.012160,0.038912,0.024839,0.008096,0.451360
coherent,100000,128,2.000000,0,coherent/neighbor_search,1000,0.104572,0.100352,0.133120,0.026737,0.084864,0.526336
coherent,100000,128,2.000000,0,coherent/update_pos,1000,0.005560,0.005120,0.005120,0.010917,0.004096,0.339968
coherent,100000,128,2.000000,0,total,1000,0.370599,0.334848,0.587776,0.097186,0.258048,1.083328
coherent,100000,128,2.000000,0,coherent/compute_indices,1000,0.012231,0.009216,0.028704,0.012836,0.004096,0.322560
coherent,100000,128,2.000000,0,coherent/sort,1000,0.149413,0.127744,0.299008,0.070477,0.084992,0.793600
coherent,100000,128,2.000000,0,coherent/reset_cells,1000,0.015497,0.009984,0.026624,0.023930,0.003072,0.406528
coherent,100000,128,2.000000,0,coherent/identify_cells,1000,0.012802,0.009216,0.024576,0.019863,0.004096,0.325632
coherent,100000,128,2.000000,0,coherent/reorder,1000,0.016401,0.011264,0.035616,0.029117,0.008192,0.463872
coherent,100000,128,2.000000,0,coherent/neighbor_search,1000,0.102066,0.099328,0.123904,0.016229,0.087040,0.336896
coherent,100000,128,2.000000,0,coherent/update_pos,1000,0.005431,0.005120,0.005120,0.006405,0.004096,0.195584
coherent,500000,128,2.000000,0,total,300,1.611669,1.580480,1.964032,0.164360,1.159136,2.198528
coherent,500000,128,2.000000,0,total,300,1.591758,1.570256,1.922048,0.164591,1.183744,2.256896
coherent,500000,128,2.000000,0,total,300,1.573146,1.545216,1.901568,0.239133,1.163264,4.767744
coherent,500000,128,2.000000,0,total,300,1.658842,1.641984,1.910784,0.121201,1.288192,2.126848
coherent,500000,128,2.000000,0,coherent/compute_indices,300,0.020551,0.020480,0.027648,0.018927,0.012288,0.335872
coherent,500000,128,2.000000,0,coherent/sort,300,0.626212,0.621216,0.845824,0.104312,0.303104,0.959776
coherent,500000,128,2.000000,0,coherent/reset_cells,300,0.022840,0.018432,0.023552,0.039551,0.004096,0.413696
coherent,500000,128,2.000000,0,coherent/identify_cells,300,0.014508,0.014512,0.017344,0.013209,0.006144,0.209920
coherent,500000,128,2.000000,0,coherent/reorder,300,0.038697,0.037840,0.039936,0.018798,0.033792,0.356352
coherent,500000,128,2.000000,0,coherent/neighbor_search,300,0.870632,0.869376,0.923648,0.037304,0.811008,0.944128
coherent,500000,128,2.000000,0,coherent/update_pos,300,0.023119,0.023552,0.023552,0.000559,0.022528,0.024576
coherent,500000,128,2.000000,0,total,300,1.736101,1.693088,2.046976,0.158434,1.441792,2.512896
coherent,500000,128,2.000000,0,coherent/compute_indices,300,0.022858,0.020480,0.031744,0.032062,0.012288,0.342016
coherent,500000,128,2.000000,0,coherent/sort,300,0.707344,0.667648,1.021952,0.141105,0.491520,1.446912
coherent,500000,128,2.000000,0,coherent/reset_cells,300,0.018248,0.018448,0.020480,0.021486,0.004096,0.323328
coherent,500000,128,2.000000,0,coherent/identify_cells,300,0.016133,0.014336,0.016384,0.028251,0.006144,0.328704
coherent,500000,128,2.000000,0,coherent/reorder,300,0.039169,0.037888,0.039744,0.020016,0.033792,0.352128
coherent,500000,128,2.000000,0,coherent/neighbor_search,300,0.870570,0.870912,0.925696,0.037707,0.809984,0.951296
coherent,500000,128,2.000000,0,coherent/update_pos,300,0.023033,0.022528,0.023552,0.000546,0.021504,0.024576
coherent,500000,128,2.000000,0,total,300,1.639502,1.607680,1.885184,0.216781,1.263616,4.852736
coherent,500000,128,2.000000,0,coherent/compute_indices,300,0.020643,0.020480,0.031744,0.021315,0.012288,0.378880
coherent,500000,128,2.000000,0,coherent/sort,300,0.611478,0.585760,0.778336,0.205262,0.311296,3.802336
coherent,500000,128,2.000000,0,coherent/reset_cells,300,0.019594,0.018432,0.021376,0.026107,0.004096,0.337664
coherent,500000,128,2.000000,0,coherent/identify_cells,300,0.017070,0.014368,0.018336,0.033047,0.006144,0.412672
coherent,500000,128,2.000000,0,coherent/reorder,300,0.040514,0.037872,0.039936,0.027176,0.032768,0.352256
coherent,500000,128,2.000000,0,coherent/neighbor_search,300,0.870856,0.868864,0.924672,0.038388,0.806912,0.994304
coherent,500000,128,2.000000,0,coherent/update_pos,300,0.023081,0.023552,0.023552,0.000576,0.021504,0.024576
coherent,1000000,128,2.000000,0,total,300,3.923047,3.848144,4.362240,0.215037,3.610624,4.680544
coherent,1000000,128,2.000000,0,total,300,4.025112,3.944448,4.483072,0.230171,3.654656,5.034944
coherent,1000000,128,2.000000,0,total,300,3.943634,3.850752,4.458496,0.260676,3.593216,5.795840
coherent,1000000,128,2.000000,0,total,300,4.046649,3.956736,4.506624,0.243280,3.622912,4.899840
coherent,1000000,128,2.000000,0,coherent/compute_indices,300,0.031029,0.027648,0.036864,0.012173,0.022528,0.212992
coherent,1000000,128,2.000000,0,coherent/sort,300,0.818636,0.785968,1.045504,0.120107,0.497664,1.223680
coherent,1000000,128,2.000000,0,coherent/reset_cells,300,0.018695,0.018432,0.023552,0.013768,0.004096,0.188416
coherent,1000000,128,2.000000,0,coherent/identify_cells,300,0.017218,0.016160,0.018432,0.016564,0.010240,0.204800
coherent,1000000,128,2.000000,0,coherent/reorder,300,0.068597,0.067584,0.070496,0.018499,0.061440,0.382976
coherent,1000000,128,2.000000,0,coherent/neighbor_search,300,3.017578,2.928640,3.401728,0.186506,2.910208,3.784704
coherent,1000000,128,2.000000,0,coherent/update_pos,300,0.044209,0.043008,0.044032,0.016966,0.041984,0.336896
coherent,1000000,128,2.000000,0,total,300,4.029298,3.958672,4.465376,0.217965,3.609600,4.737024
coherent,1000000,128,2.000000,0,coherent/compute_indices,300,0.030316,0.027648,0.036864,0.004343,0.023552,0.052000
coherent,1000000,128,2.000000,0,coherent/sort,300,0.815098,0.790016,1.046528,0.122137,0.494592,1.353728
coherent,1000000,128,2.000000,0,coherent/reset_cells,300,0.017781,0.018432,0.023552,0.008451,0.004096,0.126976
coherent,1000000,128,2.000000,0,coherent/identify_cells,300,0.015608,0.015360,0.018336,0.005922,0.009216,0.096256
coherent,1000000,128,2.000000,0,coherent/reorder,300,0.069451,0.067584,0.070656,0.025901,0.061440,0.382976
coherent,1000000,128,2.000000,0,coherent/neighbor_search,300,3.005017,2.926592,3.407872,0.180546,2.906112,3.717120
coherent,1000000,128,2.000000,0,coherent/update_pos,300,0.043274,0.043008,0.044032,0.000685,0.041984,0.045056
coherent,1000000,128,2.000000,0,total,300,4.045342,3.962368,4.495360,0.229664,3.683328,4.809728
coherent,1000000,128,2.000000,0,coherent/compute_indices,300,0.030591,0.027648,0.036864,0.007365,0.022528,0.124928
coherent,1000000,128,2.000000,0,coherent/sort,300,0.827714,0.796752,1.093920,0.128880,0.569504,1.448960
coherent,1000000,128,2.000000,0,coherent/reset_cells,300,0.018985,0.018432,0.023552,0.020388,0.004096,0.335872
coherent,1000000,128,2.000000,0,coherent/identify_cells,300,0.017468,0.016128,0.018432,0.022120,0.009216,0.328704
coherent,1000000,128,2.000000,0,coherent/reorder,300,0.068860,0.067584,0.070656,0.019512,0.062464,0.386048
coherent,1000000,128,2.000000,0,coherent/neighbor_search,300,3.004277,2.928640,3.409920,0.175622,2.908160,3.556352
coherent,1000000,128,2.000000,0,coherent/update_pos,300,0.044158,0.043008,0.044032,0.016612,0.041984,0.330752
scattered,5000,128,1.000000,0,total,5000,0.246165,0.219136,0.395264,0.087535,0.147456,1.106944
scattered,5000,128,1.000000,0,total,5000,0.233781,0.212992,0.387072,0.072777,0.151552,0.932672
scattered,5000,128,1.000000,0,total,5000,0.235862,0.215040,0.333600,0.079191,0.151552,0.884736
scattered,5000,128,1.000000,0,total,5000,0.322227,0.291808,0.573440,0.111154,0.198368,1.212416
scattered,5000,128,1.000000,0,scattered/compute_indices,5000,0.013231,0.009216,0.031744,0.017178,0.004096,0.443392
scattered,5000,128,1.000000,0,scattered/sort,5000,0.143911,0.126208,0.311264,0.077202,0.080000,0.772096
scattered,5000,128,1.000000,0,scattered/reset_cells,5000,0.014434,0.009216,0.030720,0.018187,0.004096,0.436224
scattered,5000,128,1.000000,0,scattered/identify_cells,5000,0.012250,0.009216,0.028672,0.013335,0.004000,0.412672
scattered,5000,128,1.000000,0,scattered/neighbor_search,5000,0.081433,0.083968,0.100352,0.021550,0.033792,0.519168
scattered,5000,128,1.000000,0,scattered/update_pos,5000,0.005339,0.004096,0.005120,0.016217,0.003072,0.402432
scattered,5000,128,1.000000,0,total,5000,0.314070,0.291840,0.440320,0.077687,0.208704,0.959488
scattered,5000,128,1.000000,0,scattered/compute_indices,5000,0.011963,0.009216,0.022528,0.012013,0.004096,0.325632
scattered,5000,128,1.000000,0,scattered/sort,5000,0.140143,0.128000,0.219136,0.060913,0.087168,0.700416
scattered,5000,128,1.000000,0,scattered/reset_cells,5000,0.013811,0.009216,0.027648,0.017922,0.004032,0.457728
scattered,5000,128,1.000000,0,scattered/identify_cells,5000,0.012180,0.009216,0.025600,0.015448,0.004096,0.401408
scattered,5000,128,1.000000,0,scattered/neighbor_search,5000,0.079811,0.083968,0.092160,0.015726,0.034816,0.396288
scattered,5000,128,1.000000,0,scattered/update_pos,5000,0.004804,0.004096,0.005120,0.008274,0.003072,0.402432
scattered,5000,128,1.000000,0,total,5000,0.312009,0.288528,0.447488,0.083319,0.203776,0.962304
scattered,5000,128,1.000000,0,scattered/compute_indices,5000,0.017032,0.010176,0.029696,0.015390,0.004096,0.458752
scattered,5000,128,1.000000,0,scattered/sort,5000,0.137626,0.121856,0.210944,0.065383,0.080896,0.732000
scattered,5000,128,1.000000,0,scattered/reset_cells,5000,0.013469,0.009216,0.028864,0.018034,0.004096,0.446336
scattered,5000,128,1.000000,0,scattered/identify_cells,5000,0.012313,0.009216,0.024576,0.018568,0.004032,0.440096
scattered,5000,128,1.000000,0,scattered/neighbor_search,5000,0.080333,0.083968,0.097280,0.016949,0.034816,0.521216
scattered,5000,128,1.000000,0,scattered/update_pos,5000,0.004834,0.004096,0.005120,0.010350,0.003072,0.398336
scattered,20000,128,1.000000,0,total,5000,0.257719,0.233472,0.335872,0.073053,0.192512,0.914432
scattered,20000,128,1.000000,0,total,5000,0.261729,0.234496,0.456576,0.084684,0.188416,1.295360
scattered,20000,128,1.000000,0,total,5000,0.252285,0.232448,0.331552,0.068785,0.194560,0.812032
scattered,20000,128,1.000000,0,total,5000,0.341697,0.311296,0.535488,0.091549,0.247808,1.089536
scattered,20000,128,1.000000,0,scattered/compute_indices,5000,0.014528,0.009280,0.032768,0.015086,0.004096,0.349184
scattered,20000,128,1.000000,0,scattered/sort,5000,0.142500,0.121856,0.281600,0.066127,0.084000,0.703296
scattered,20000,128,1.000000,0,scattered/reset_cells,5000,0.017591,0.010240,0.030688,0.021691,0.004064,0.446464
scattered,20000,128,1.000000,0,scattered/identify_cells,5000,0.012820,0.009216,0.030720,0.016938,0.004000,0.337920
scattered,20000,128,1.000000,0,scattered/neighbor_search,5000,0.102044,0.101376,0.113664,0.011814,0.081632,0.431040
scattered,20000,128,1.000000,0,scattered/update_pos,5000,0.004897,0.004096,0.005120,0.008580,0.004096,0.469248
scattered,20000,128,1.000000,0,total,5000,0.336033,0.311296,0.481280,0.077375,0.258016,0.967680
scattered,20000,128,1.000000,0,scattered/compute_indices,5000,0.015403,0.009344,0.032768,0.016516,0.004096,0.343040
scattered,20000,128,1.000000,0,scattered/sort,5000,0.140778,0.124928,0.218112,0.059992,0.088128,0.758784
scattered,20000,128,1.000000,0,scattered/reset_cells,5000,0.016356,0.009984,0.030912,0.018520,0.004000,0.361472
scattered,20000,128,1.000000,0,scattered/identify_cells,5000,0.012740,0.009216,0.030720,0.016920,0.004096,0.437248
scattered,20000,128,1.000000,0,scattered/neighbor_search,5000,0.101903,0.101376,0.112640,0.013815,0.082944,0.506880
scattered,20000,128,1.000000,0,scattered/update_pos,5000,0.004903,0.004096,0.005120,0.008134,0.004096,0.381952
scattered,20000,128,1.000000,0,total,5000,0.339020,0.311120,0.495616,0.102120,0.248832,2.878432
scattered,20000,128,1.000000,0,scattered/compute_indices,5000,0.012330,0.009216,0.029504,0.014195,0.004096,0.361472
scattered,20000,128,1.000000,0,scattered/sort,5000,0.141179,0.120832,0.219328,0.072630,0.084960,2.097152
scattered,20000,128,1.000000,0,scattered/reset_cells,5000,0.016812,0.010240,0.027648,0.019187,0.004000,0.402432
scattered,20000,128,1.000000,0,scattered/identify_cells,5000,0.012553,0.009216,0.024576,0.017702,0.004064,0.402432
scattered,20000,128,1.000000,0,scattered/neighbor_search,5000,0.102679,0.101376,0.112640,0.040315,0.082944,2.642944
scattered,20000,128,1.000000,0,scattered/update_pos,5000,0.005184,0.004096,0.005120,0.023294,0.004096,1.532928
scattered,100000,128,1.000000,0,total,1000,0.470725,0.442368,0.709632,0.096980,0.361472,1.010688
scattered,100000,128,1.000000,0,total,1000,0.476847,0.453632,0.698368,0.081977,0.370688,1.028032
scattered,100000,128,1.000000,0,total,1000,0.457693,0.443232,0.624640,0.074309,0.379680,1.050496
scattered,100000,128,1.000000,0,total,1000,0.539302,0.508928,0.747520,0.099851,0.441344,1.183744
scattered,100000,128,1.000000,0,scattered/compute_indices,1000,0.012552,0.009216,0.023552,0.024142,0.004096,0.411392
scattered,100000,128,1.000000,0,scattered/sort,1000,0.153442,0.121856,0.346112,0.084966,0.088064,0.886784
scattered,100000,128,1.000000,0,scattered/reset_cells,1000,0.018239,0.015184,0.027648,0.020958,0.004096,0.347040
scattered,100000,128,1.000000,0,scattered/identify_cells,1000,0.012428,0.009216,0.025600,0.017891,0.004096,0.324608
scattered,100000,128,1.000000,0,scattered/neighbor_search,1000,0.289122,0.291840,0.311296,0.017819,0.246784,0.345088
scattered,100000,128,1.000000,0,scattered/update_pos,1000,0.005067,0.005120,0.005120,0.000371,0.004096,0.006144
scattered,100000,128,1.000000,0,total,1000,0.544061,0.513808,0.778240,0.107281,0.436224,1.243136
scattered,100000,128,1.000000,0,scattered/compute_indices,1000,0.010479,0.009216,0.017408,0.007924,0.004096,0.215040
scattered,100000,128,1.000000,0,scattered/sort,1000,0.158005,0.120832,0.356576,0.099262,0.089088,0.899072
scattered,100000,128,1.000000,0,scattered/reset_cells,1000,0.016747,0.011264,0.027648,0.011740,0.004096,0.242400
scattered,100000,128,1.000000,0,scattered/identify_cells,1000,0.013628,0.009216,0.025600,0.030169,0.004096,0.478208
scattered,100000,128,1.000000,0,scattered/neighbor_search,1000,0.293933,0.301024,0.315168,0.019735,0.251904,0.461824
scattered,100000,128,1.000000,0,scattered/update_pos,1000,0.005067,0.005120,0.005120,0.000371,0.004096,0.006144
scattered,100000,128,1.000000,0,total,1000,0.541876,0.509952,0.772096,0.110407,0.416768,1.208320
scattered,100000,128,1.000000,0,scattered/compute_indices,1000,0.012349,0.009248,0.030720,0.022561,0.004096,0.449536
scattered,100000,128,1.000000,0,scattered/sort,1000,0.153637,0.120832,0.360576,0.094727,0.090112,0.799744
scattered,100000,128,1.000000,0,scattered/reset_cells,1000,0.018748,0.017408,0.027648,0.017080,0.004032,0.327680
scattered,100000,128,1.000000,0,scattered/identify_cells,1000,0.012460,0.009216,0.025600,0.016650,0.004096,0.327680
scattered,100000,128,1.000000,0,scattered/neighbor_search,1000,0.291921,0.294912,0.312320,0.025874,0.248832,0.772096
scattered,100000,128,1.000000,0,scattered/update_pos,1000,0.005058,0.005120,0.005120,0.001137,0.004096,0.038912
scattered,500000,128,1.000000,0,total,300,9.128466,9.170432,9.629696,0.329199,8.335360,10.009600
scattered,500000,128,1.000000,0,total,300,9.127996,9.164288,9.613312,0.314666,8.339456,9.974784
scattered,500000,128,1.000000,0,total,300,8.952042,8.961024,9.459712,0.320464,8.197120,9.968640
scattered,500000,128,1.000000,0,total,300,8.949340,8.996352,9.317376,0.300612,8.262656,10.055680
scattered,500000,128,1.000000,0,scattered/compute_indices,300,0.016701,0.015360,0.018432,0.007617,0.011264,0.140288
scattered,500000,128,1.000000,0,scattered/sort,300,0.765613,0.759296,0.964608,0.112939,0.532480,1.165120
scattered,500000,128,1.000000,0,scattered/reset_cells,300,0.018877,0.018368,0.024576,0.012246,0.005120,0.209920
scattered,500000,128,1.000000,0,scattered/identify_cells,300,0.014374,0.012288,0.020480,0.007456,0.007168,0.104448
scattered,500000,128,1.000000,0,scattered/neighbor_search,300,8.085339,8.113056,8.378368,0.259301,7.525376,9.183232
scattered,500000,128,1.000000,0,scattered/update_pos,300,0.019941,0.019456,0.020480,0.000545,0.018432,0.021504
scattered,500000,128,1.000000,0,total,300,8.948878,8.997888,9.344000,0.290046,8.266752,9.809920
scattered,500000,128,1.000000,0,scattered/compute_indices,300,0.016496,0.015360,0.018432,0.008123,0.011264,0.153728
scattered,500000,128,1.000000,0,scattered/sort,300,0.769782,0.762432,0.972800,0.122227,0.513024,1.251456
scattered,500000,128,1.000000,0,scattered/reset_cells,300,0.018056,0.017936,0.023680,0.012243,0.004096,0.205760
scattered,500000,128,1.000000,0,scattered/identify_cells,300,0.014097,0.012288,0.018304,0.013549,0.007168,0.192512
scattered,500000,128,1.000000,0,scattered/neighbor_search,300,8.082274,8.115200,8.383328,0.257473,7.548832,8.850432
scattered,500000,128,1.000000,0,scattered/update_pos,300,0.019951,0.019456,0.020480,0.000583,0.018432,0.024576
scattered,500000,128,1.000000,0,total,300,9.138042,9.156096,9.606144,0.320481,8.389632,10.606592
scattered,500000,128,1.000000,0,scattered/compute_indices,300,0.016899,0.015360,0.018432,0.008859,0.011264,0.123904
scattered,500000,128,1.000000,0,scattered/sort,300,0.778994,0.768128,1.011904,0.164320,0.521216,2.256896
scattered,500000,128,1.000000,0,scattered/reset_cells,300,0.018691,0.018400,0.024576,0.013018,0.005120,0.199680
scattered,500000,128,1.000000,0,scattered/identify_cells,300,0.014260,0.012288,0.019456,0.013252,0.007168,0.206848
scattered,500000,128,1.000000,0,scattered/neighbor_search,300,8.258257,8.272896,8.626176,0.278580,7.710720,9.348000
scattered,500000,128,1.000000,0,scattered/update_pos,300,0.019954,0.019456,0.020480,0.000607,0.018432,0.024576
scattered,1000000,128,1.000000,0,total,300,64.277779,64.165886,65.005569,0.434807,63.670273,67.117058
scattered,1000000,128,1.000000,0,total,300,64.136551,64.044037,64.899071,0.372051,63.356930,65.550339
scattered,1000000,128,1.000000,0,total,300,64.362434,64.253441,65.168381,0.404152,63.713280,66.138115
scattered,1000000,128,1.000000,0,total,300,63.937321,63.881729,64.644096,0.329758,63.277058,65.156097
scattered,1000000,128,1.000000,0,scattered/compute_indices,300,0.029727,0.026624,0.029696,0.017621,0.023552,0.198656
scattered,1000000,128,1.000000,0,scattered/sort,300,1.204762,1.208384,1.457216,0.157671,0.892928,1.851392
scattered,1000000,128,1.000000,0,scattered/reset_cells,300,0.018819,0.006144,0.120832,0.035731,0.004096,0.208896
scattered,1000000,128,1.000000,0,scattered/identify_cells,300,0.018632,0.011264,0.094208,0.024524,0.010240,0.160960
scattered,1000000,128,1.000000,0,scattered/neighbor_search,300,62.594948,62.550014,63.216640,0.277650,62.162945,63.677441
scattered,1000000,128,1.000000,0,scattered/update_pos,300,0.040769,0.040960,0.041984,0.000608,0.038912,0.043008
scattered,1000000,128,1.000000,0,total,300,64.327118,64.205826,65.132545,0.442129,63.525887,65.930237
scattered,1000000,128,1.000000,0,scattered/compute_indices,300,0.060093,0.026624,0.346112,0.106595,0.022528,0.942208
scattered,1000000,128,1.000000,0,scattered/sort,300,1.334560,1.278976,1.820672,0.248185,0.928000,2.216160
scattered,1000000,128,1.000000,0,scattered/reset_cells,300,0.027345,0.008784,0.077824,0.033401,0.005120,0.191488
scattered,1000000,128,1.000000,0,scattered/identify_cells,300,0.024874,0.014192,0.045056,0.025752,0.010240,0.196608
scattered,1000000,128,1.000000,0,scattered/neighbor_search,300,62.786049,62.687233,63.470592,0.291681,62.288895,64.079872
scattered,1000000,128,1.000000,0,scattered/update_pos,300,0.040745,0.040960,0.041984,0.000573,0.039936,0.041984
scattered,1000000,128,1.000000,0,total,300,67.525383,67.185547,70.824959,1.011283,66.565117,71.441185
scattered,1000000,128,1.000000,0,scattered/compute_indices,300,0.038535,0.036864,0.050176,0.016006,0.024576,0.217088
scattered,1000000,128,1.000000,0,scattered/sort,300,1.065999,1.033728,1.329152,0.154111,0.675840,2.032640
scattered,1000000,128,1.000000,0,scattered/reset_cells,300,0.018476,0.015872,0.036928,0.018940,0.004096,0.236384
scattered,1000000,128,1.000000,0,scattered/identify_cells,300,0.014436,0.012288,0.021504,0.012965,0.009120,0.217088
scattered,1000000,128,1.000000,0,scattered/neighbor_search,300,66.314247,66.012619,69.445633,0.988368,65.542145,70.239235
scattered,1000000,128,1.000000,0,scattered/update_pos,300,0.046909,0.040960,0.041984,0.046203,0.039936,0.598016
coherent,5000,128,1.000000,0,total,5000,0.212888,0.191488,0.286720,0.079437,0.135168,0.923584
coherent,5000,128,1.000000,0,total,5000,0.221551,0.190288,0.501760,0.102221,0.132096,1.110016
coherent,5000,128,1.000000,0,total,5000,0.207020,0.189440,0.288768,0.073104,0.139264,0.936928
coherent,5000,128,1.000000,0,total,5000,0.309622,0.269760,0.612352,0.124609,0.203776,1.263616
coherent,5000,128,1.000000,0,coherent/compute_indices,5000,0.015707,0.009344,0.031936,0.020686,0.004096,0.476096
coherent,5000,128,1.000000,0,coherent/sort,5000,0.139965,0.118784,0.301056,0.077034,0.084832,0.760576
coherent,5000,128,1.000000,0,coherent/reset_cells,5000,0.014798,0.009296,0.034816,0.019351,0.004032,0.505856
coherent,5000,128,1.000000,0,coherent/identify_cells,5000,0.013000,0.009216,0.032768,0.015129,0.003968,0.433024
coherent,5000,128,1.000000,0,coherent/reorder,5000,0.015280,0.009216,0.038912,0.022740,0.004096,0.464672
coherent,5000,128,1.000000,0,coherent/neighbor_search,5000,0.046177,0.040960,0.071616,0.021203,0.023552,0.480256
coherent,5000,128,1.000000,0,coherent/update_pos,5000,0.005400,0.004096,0.005120,0.010883,0.003072,0.418816
coherent,5000,128,1.000000,0,total,5000,0.300586,0.273408,0.465920,0.095251,0.211968,1.015808
coherent,5000,128,1.000000,0,coherent/compute_indices,5000,0.014864,0.009376,0.030720,0.020547,0.004096,0.461824
coherent,5000,128,1.000000,0,coherent/sort,5000,0.137020,0.121856,0.197632,0.065484,0.079040,0.779264
coherent,5000,128,1.000000,0,coherent/reset_cells,5000,0.014383,0.009312,0.031744,0.019498,0.004000,0.450368
coherent,5000,128,1.000000,0,coherent/identify_cells,5000,0.011851,0.009216,0.028672,0.012971,0.003936,0.455680
coherent,5000,128,1.000000,0,coherent/reorder,5000,0.013992,0.009216,0.037888,0.016483,0.004096,0.444416
coherent,5000,128,1.000000,0,coherent/neighbor_search,5000,0.046350,0.040960,0.070656,0.021725,0.023424,0.464864
coherent,5000,128,1.000000,0,coherent/update_pos,5000,0.005703,0.004096,0.009440,0.014080,0.003072,0.398336
coherent,5000,128,1.000000,0,total,5000,0.294185,0.268288,0.443392,0.092278,0.203648,1.001472
coherent,5000,128,1.000000,0,coherent/compute_indices,5000,0.014013,0.009216,0.030720,0.022022,0.004096,0.467968
coherent,5000,128,1.000000,0,coherent/sort,5000,0.133465,0.116736,0.198656,0.068905,0.079872,0.776192
coherent,5000,128,1.000000,0,coherent/reset_cells,5000,0.013526,0.009216,0.029696,0.019684,0.004000,0.444416
coherent,5000,128,1.000000,0,coherent/identify_cells,5000,0.011878,0.009216,0.029696,0.013464,0.004032,0.407424
coherent,5000,128,1.000000,0,coherent/reorder,5000,0.014118,0.009216,0.036864,0.021562,0.004096,0.466944
coherent,5000,128,1.000000,0,coherent/neighbor_search,5000,0.045187,0.039936,0.070656,0.024317,0.022528,0.496640
coherent,5000,128,1.000000,0,coherent/update_pos,5000,0.004996,0.004096,0.005120,0.007819,0.003072,0.319488
coherent,20000,128,1.000000,0,total,5000,0.215218,0.194560,0.315296,0.071500,0.148480,0.924672
coherent,20000,128,1.000000,0,total,5000,0.221943,0.193536,0.367520,0.076709,0.140288,0.931840
coherent,20000,128,1.000000,0,total,5000,0.217736,0.197632,0.353280,0.068265,0.146432,0.841568
coherent,20000,128,1.000000,0,total,5000,0.290577,0.260912,0.463872,0.090794,0.222208,1.362144
coherent,20000,128,1.000000,0,coherent/compute_indices,5000,0.011826,0.009216,0.026624,0.020006,0.004096,0.467968
coherent,20000,128,1.000000,0,coherent/sort,5000,0.131831,0.112384,0.201728,0.065854,0.078976,0.755712
coherent,20000,128,1.000000,0,coherent/reset_cells,5000,0.018163,0.011264,0.027648,0.019150,0.004064,0.451584
coherent,20000,128,1.000000,0,coherent/identify_cells,5000,0.011008,0.009216,0.017408,0.017151,0.004032,0.446464
coherent,20000,128,1.000000,0,coherent/reorder,5000,0.011583,0.009216,0.033792,0.013930,0.004096,0.459776
coherent,20000,128,1.000000,0,coherent/neighbor_search,5000,0.048660,0.045056,0.066560,0.021185,0.038848,0.531456
coherent,20000,128,1.000000,0,coherent/update_pos,5000,0.005170,0.004096,0.005120,0.009000,0.004064,0.464896
coherent,20000,128,1.000000,0,total,5000,0.300711,0.265168,0.490496,0.153966,0.218112,5.635072
coherent,20000,128,1.000000,0,coherent/compute_indices,5000,0.014266,0.009216,0.029440,0.076873,0.004096,5.276672
coherent,20000,128,1.000000,0,coherent/sort,5000,0.136703,0.114688,0.208896,0.094836,0.087040,4.564992
coherent,20000,128,1.000000,0,coherent/reset_cells,5000,0.017791,0.015360,0.027648,0.017524,0.004032,0.411648
coherent,20000,128,1.000000,0,coherent/identify_cells,5000,0.010869,0.009216,0.015360,0.012773,0.003968,0.442240
coherent,20000,128,1.000000,0,coherent/reorder,5000,0.013502,0.009216,0.036864,0.064024,0.004096,4.343808
coherent,20000,128,1.000000,0,coherent/neighbor_search,5000,0.049786,0.045824,0.069600,0.034515,0.038912,1.765376
coherent,20000,128,1.000000,0,coherent/update_pos,5000,0.005246,0.004096,0.005120,0.010127,0.004096,0.382976
coherent,20000,128,1.000000,0,total,5000,0.335936,0.272384,0.759808,0.190024,0.213824,5.191680
coherent,20000,128,1.000000,0,coherent/compute_indices,5000,0.015473,0.009216,0.040960,0.019802,0.004096,0.463872
coherent,20000,128,1.000000,0,coherent/sort,5000,0.151686,0.118976,0.337920,0.092344,0.087040,2.191392
coherent,20000,128,1.000000,0,coherent/reset_cells,5000,0.019341,0.016384,0.041984,0.018316,0.004032,0.442368
coherent,20000,128,1.000000,0,coherent/identify_cells,5000,0.014346,0.009216,0.055296,0.028044,0.004096,1.584192
coherent,20000,128,1.000000,0,coherent/reorder,5000,0.014156,0.009216,0.038912,0.018562,0.004096,0.456704
coherent,20000,128,1.000000,0,coherent/neighbor_search,5000,0.051536,0.045920,0.073728,0.038096,0.038912,2.164736
coherent,20000,128,1.000000,0,coherent/update_pos,5000,0.006298,0.004096,0.005120,0.070529,0.004000,4.929536
coherent,100000,128,1.000000,0,total,1000,0.247778,0.226304,0.398336,0.089893,0.169984,0.848832
coherent,100000,128,1.000000,0,total,1000,0.252889,0.227328,0.381952,0.087967,0.173056,1.008512
coherent,100000,128,1.000000,0,total,1000,0.248349,0.228192,0.370688,0.077704,0.180224,0.820992
coherent,100000,128,1.000000,0,total,1000,0.343679,0.304128,0.565248,0.110263,0.254976,0.975872
coherent,100000,128,1.000000,0,coherent/compute_indices,1000,0.013191,0.009216,0.024576,0.025877,0.004096,0.407552
coherent,100000,128,1.000000,0,coherent/sort,1000,0.151246,0.126176,0.313472,0.086041,0.095232,0.771072
coherent,100000,128,1.000000,0,coherent/reset_cells,1000,0.018107,0.010480,0.027840,0.027889,0.004096,0.420864
coherent,100000,128,1.000000,0,coherent/identify_cells,1000,0.011970,0.009216,0.023552,0.018045,0.004096,0.338752
coherent,100000,128,1.000000,0,coherent/reorder,1000,0.014239,0.012128,0.029696,0.013484,0.008160,0.351232
coherent,100000,128,1.000000,0,coherent/neighbor_search,1000,0.074899,0.071680,0.096256,0.011540,0.065536,0.212224
coherent,100000,128,1.000000,0,coherent/update_pos,1000,0.005320,0.005120,0.005120,0.002976,0.004096,0.066560
coherent,100000,128,1.000000,0,total,1000,0.380797,0.302928,0.837632,0.188242,0.234496,1.457152
coherent,100000,128,1.000000,0,coherent/compute_indices,1000,0.014858,0.009216,0.044032,0.025047,0.004096,0.461824
coherent,100000,128,1.000000,0,coherent/sort,1000,0.164886,0.126768,0.395104,0.113630,0.086016,0.955392
coherent,100000,128,1.000000,0,coherent/reset_cells,1000,0.020516,0.010320,0.045024,0.029626,0.004096,0.472864
coherent,100000,128,1.000000,0,coherent/identify_cells,1000,0.015541,0.009248,0.055424,0.025197,0.004096,0.419584
coherent,100000,128,1.000000,0,coherent/reorder,1000,0.016749,0.012128,0.039936,0.022736,0.008160,0.451584
coherent,100000,128,1.000000,0,coherent/neighbor_search,1000,0.077587,0.071680,0.104448,0.027452,0.065536,0.512000
coherent,100000,128,1.000000,0,coherent/update_pos,1000,0.006037,0.005120,0.005120,0.015253,0.004096,0.343040
coherent,100000,128,1.000000,0,total,1000,0.342142,0.302080,0.619520,0.113931,0.256992,0.996352
coherent,100000,128,1.000000,0,coherent/compute_indices,1000,0.012556,0.009216,0.025600,0.020194,0.004096,0.408544
coherent,100000,128,1.000000,0,coherent/sort,1000,0.147622,0.126128,0.320320,0.079951,0.087232,0.766912
coherent,100000,128,1.000000,0,coherent/reset_cells,1000,0.018907,0.016304,0.026624,0.027323,0.004096,0.419616
coherent,100000,128,1.000000,0,coherent/identify_cells,1000,0.011480,0.009216,0.023552,0.015900,0.004096,0.406528
coherent,100000,128,1.000000,0,coherent/reorder,1000,0.014495,0.012096,0.027648,0.017385,0.008192,0.392192
coherent,100000,128,1.000000,0,coherent/neighbor_search,1000,0.077320,0.070656,0.093184,0.039025,0.065536,0.513024
coherent,100000,128,1.000000,0,coherent/update_pos,1000,0.005860,0.005120,0.005120,0.014350,0.004096,0.445440
coherent,500000,128,1.000000,0,total,300,1.178644,1.133968,1.537952,0.153772,0.732032,1.808384
coherent,500000,128,1.000000,0,total,300,1.186801,1.136528,1.538048,0.179759,0.732160,2.559968
coherent,500000,128,1.000000,0,total,300,1.169864,1.138064,1.461248,0.130068,0.856064,1.649664
coherent,500000,128,1.000000,0,total,300,1.228834,1.182208,1.558528,0.156052,0.830464,1.817600
coherent,500000,128,1.000000,0,coherent/compute_indices,300,0.021275,0.020480,0.032768,0.014424,0.012288,0.231200
coherent,500000,128,1.000000,0,coherent/sort,300,0.645109,0.602864,0.953344,0.144419,0.283744,1.231872
coherent,500000,128,1.000000,0,coherent/reset_cells,300,0.018189,0.018432,0.020480,0.017681,0.004096,0.225280
coherent,500000,128,1.000000,0,coherent/identify_cells,300,0.014953,0.014336,0.016384,0.028467,0.007168,0.502784
coherent,500000,128,1.000000,0,coherent/reorder,300,0.038145,0.037888,0.039936,0.004206,0.031744,0.094240
coherent,500000,128,1.000000,0,coherent/neighbor_search,300,0.428114,0.428032,0.444416,0.011914,0.401408,0.452608
coherent,500000,128,1.000000,0,coherent/update_pos,300,0.023023,0.022528,0.023552,0.000565,0.021504,0.025600
coherent,500000,128,1.000000,0,total,300,1.191735,1.134080,1.568768,0.179533,0.773120,2.062336
coherent,500000,128,1.000000,0,coherent/compute_indices,300,0.018873,0.016320,0.021472,0.027251,0.012288,0.439296
coherent,500000,128,1.000000,0,coherent/sort,300,0.624105,0.579136,0.964608,0.154315,0.245760,1.418400
coherent,500000,128,1.000000,0,coherent/reset_cells,300,0.015465,0.013312,0.019456,0.025935,0.004096,0.436224
coherent,500000,128,1.000000,0,coherent/identify_cells,300,0.012347,0.010176,0.015360,0.023760,0.006144,0.369408
coherent,500000,128,1.000000,0,coherent/reorder,300,0.039212,0.035680,0.038688,0.033057,0.031744,0.467968
coherent,500000,128,1.000000,0,coherent/neighbor_search,300,0.428342,0.428032,0.445440,0.012380,0.401408,0.484128
coherent,500000,128,1.000000,0,coherent/update_pos,300,0.023054,0.023552,0.023552,0.000526,0.021504,0.024576
coherent,500000,128,1.000000,0,total,300,1.246542,1.197504,1.637376,0.171676,0.843776,1.918848
coherent,500000,128,1.000000,0,coherent/compute_indices,300,0.020595,0.020480,0.031744,0.007317,0.012288,0.117760
coherent,500000,128,1.000000,0,coherent/sort,300,0.666100,0.621568,1.046528,0.165790,0.304352,1.372160
coherent,500000,128,1.000000,0,coherent/reset_cells,300,0.019587,0.018432,0.020480,0.032767,0.004096,0.427008
coherent,500000,128,1.000000,0,coherent/identify_cells,300,0.014520,0.015168,0.016384,0.012715,0.006144,0.214016
coherent,500000,128,1.000000,0,coherent/reorder,300,0.040530,0.038832,0.040960,0.021969,0.033792,0.351232
coherent,500000,128,1.000000,0,coherent/neighbor_search,300,0.427872,0.428032,0.443392,0.011784,0.401408,0.450560
coherent,500000,128,1.000000,0,coherent/update_pos,300,0.023033,0.022528,0.023552,0.000533,0.022528,0.024576
coherent,1000000,128,1.000000,0,total,300,2.291287,2.205696,2.711552,0.234960,1.887232,3.088384
coherent,1000000,128,1.000000,0,total,300,2.298032,2.190304,2.743296,0.246084,1.857536,3.043136
coherent,1000000,128,1.000000,0,total,300,2.283407,2.188656,2.715424,0.238435,1.875968,3.019776
coherent,1000000,128,1.000000,0,total,300,2.405587,2.305024,2.823072,0.231417,2.095104,3.602432
coherent,1000000,128,1.000000,0,coherent/compute_indices,300,0.036150,0.034816,0.064448,0.022203,0.023552,0.344064
coherent,1000000,128,1.000000,0,coherent/sort,300,0.872007,0.835072,1.126400,0.126456,0.665856,1.707104
coherent,1000000,128,1.000000,0,coherent/reset_cells,300,0.018684,0.018976,0.021504,0.010294,0.005120,0.130208
coherent,1000000,128,1.000000,0,coherent/identify_cells,300,0.015897,0.016384,0.018176,0.003137,0.009216,0.041728
coherent,1000000,128,1.000000,0,coherent/reorder,300,0.068756,0.068608,0.070656,0.007401,0.062464,0.152576
coherent,1000000,128,1.000000,0,coherent/neighbor_search,300,1.313726,1.230848,1.694720,0.178045,1.220608,1.793024
coherent,1000000,128,1.000000,0,coherent/update_pos,300,0.043404,0.043008,0.044032,0.000630,0.041984,0.045056
coherent,1000000,128,1.000000,0,total,300,2.407540,2.298368,2.830208,0.233365,1.951744,3.120064
coherent,1000000,128,1.000000,0,coherent/compute_indices,300,0.034510,0.034736,0.036864,0.023318,0.025600,0.345920
coherent,1000000,128,1.000000,0,coherent/sort,300,0.850388,0.817280,1.047648,0.107585,0.533504,1.383520
coherent,1000000,128,1.000000,0,coherent/reset_cells,300,0.018923,0.018560,0.023392,0.015065,0.004096,0.208800
coherent,1000000,128,1.000000,0,coherent/identify_cells,300,0.015737,0.016384,0.018432,0.003189,0.009216,0.055296
coherent,1000000,128,1.000000,0,coherent/reorder,300,0.067889,0.068544,0.070656,0.002679,0.062464,0.088000
coherent,1000000,128,1.000000,0,coherent/neighbor_search,300,1.337760,1.232896,1.694720,0.193270,1.226752,1.757184
coherent,1000000,128,1.000000,0,coherent/update_pos,300,0.043394,0.043008,0.044032,0.000628,0.041984,0.045056
coherent,1000000,128,1.000000,0,total,300,2.406637,2.330112,2.813888,0.224271,1.932288,3.008352
coherent,1000000,128,1.000000,0,coherent/compute_indices,300,0.033565,0.030464,0.047904,0.013907,0.022528,0.230400
coherent,1000000,128,1.000000,0,coherent/sort,300,0.867102,0.850432,1.067008,0.110956,0.515264,1.419264
coherent,1000000,128,1.000000,0,coherent/reset_cells,300,0.014416,0.014112,0.021312,0.007681,0.004096,0.112640
coherent,1000000,128,1.000000,0,coherent/identify_cells,300,0.013919,0.013312,0.017408,0.004527,0.010240,0.052224
coherent,1000000,128,1.000000,0,coherent/reorder,300,0.067594,0.064512,0.070656,0.026572,0.061440,0.386048
coherent,1000000,128,1.000000,0,coherent/neighbor_search,300,1.339563,1.231872,1.697792,0.195828,1.225728,1.751040
coherent,1000000,128,1.000000,0,coherent/update_pos,300,0.043421,0.043008,0.044032,0.000622,0.041984,0.045056
